English plate code (ROP),Arabic plate code (ROP),Stored English prefix,Stored Arabic prefix
A,أ,A,أ
A A,أ أ,AA,أأ
A B,أ ب,AB,أب
A D,أ د,AD,أد
A K,أ ك,AK,أك
A M,أ م,AM,أم
A R,أ ر,AR,أر
A S,أ س,AS,أس
A W,أ و,AW,أو
A Y,أ ي,AY,أي
B,ب,B,ب
B A,ب أ,BA,بأ
B B,ب ب,BB,بب
B D,ب د,BD,بد
B H,ب ح,BH,بح
B K,ب ك,BK,بك
B M,ب م,BM,بم
B R,ب ر,BR,بر
B S,ب س,BS,بس
B W,ب و,BW,بو
B Y,ب ي,BY,بي
D,د,D,د
D A,د أ,DA,دأ
D D,د د,DD,دد
D K,د ك,DK,دك
D R,د ر,DR,در
D S,د س,DS,دس
D W,د و,DW,دو
D Y,د ي,DY,دي
H,ح,H,ح
H A,ح أ,HA,حأ
H D,ح د,HD,حد
H H,ح ح,HH,حح
H K,ح ك,HK,حك
H M,ح م,HM,حم
H R,ح ر,HR,حر
H S,ح س,HS,حس
H W,ح و,HW,حو
H Y,ح ي,HY,حي
K,ك,K,ك
K A,ك أ,KA,كأ
K B,ك ب,KB,كب
K H,ك ح,KH,كح
K K,ك ك,KK,كك
L A,ل أ,LA,لأ
L B,ل ب,LB,لب
L D,ل د,LD,لد
L H,ل ح,LH,لح
L K,ل ك,LK,لك
L M,ل م,LM,لم
L R,ل ر,LR,لر
L S,ل س,LS,لس
L W,ل و,LW,لو
L Y,ل ي,LY,لي
M,م,M,م
M A,م أ,MA,مأ
M B,م ب,MB,مب
M D,م د,MD,مد
M H,م ح,MH,مح
M K,م ك,MK,مك
M L,م ل,ML,مل
M M,م م,MM,مم
M R,م ر,MR,مر
M S,م س,MS,مس
M W,م و,MW,مو
M Y,م ي,MY,مي
R,ر,R,ر
R A,ر أ,RA,رأ
R H,ر ح,RH,رح
R K,ر ك,RK,رك
R M,ر م,RM,رم
R R,ر ر,RR,رر
R S,ر س,RS,رس
R W,ر و,RW,رو
R Y,ر ي,RY,ري
S,س,S,س
S S,س س,SS,سس
T,ط,T,ط
T A,ط أ,TA,طأ
T B,ط ب,TB,طب
T D,ط د,TD,طد
T H,ط ح,TH,طح
T T,ط ط,TT,طط
W,و,W,و
W A,و أ,WA,وأ
W B,و ب,WB,وب
W K,و ك,WK,وك
W W,و و,WW,وو
Y,ي,Y,ي
Y A,ي أ,YA,يأ
Y B,ي ب,YB,يب
Y D,ي د,YD,يد
Y M,ي م,YM,يم
Y R,ي ر,YR,ير
Y S,ي س,YS,يس
Y W,ي و,YW,يو
Y Y,ي ي,YY,يي
